Date,Close,Label
2019-11-11 00:00:00-05:00,115.01113891601562,0
2019-11-12 00:00:00-05:00,114.46217346191406,0
2019-11-13 00:00:00-05:00,114.3924560546875,0
2019-11-14 00:00:00-05:00,114.12230682373047,1
2019-11-15 00:00:00-05:00,117.590576171875,-1
2019-11-18 00:00:00-05:00,117.4947509765625,0
2019-11-19 00:00:00-05:00,117.48599243164062,1
2019-11-20 00:00:00-05:00,118.46202087402344,0
2019-11-21 00:00:00-05:00,118.89773559570312,0
2019-11-22 00:00:00-05:00,120.31817626953125,0
2019-11-25 00:00:00-05:00,120.37079620361328,-1
2019-11-26 00:00:00-05:00,120.36203002929688,1
2019-11-27 00:00:00-05:00,120.8709716796875,-1
2019-11-29 00:00:00-05:00,120.6427993774414,0
2019-12-02 00:00:00-05:00,120.52872467041016,0
2019-12-03 00:00:00-05:00,120.3532485961914,1
2019-12-04 00:00:00-05:00,122.30123901367188,0
2019-12-05 00:00:00-05:00,122.45915985107422,0
2019-12-06 00:00:00-05:00,123.17871856689453,0
2019-12-09 00:00:00-05:00,123.28399658203125,-1
2019-12-10 00:00:00-05:00,122.83648681640625,1
2019-12-11 00:00:00-05:00,123.70513916015625,0
2019-12-12 00:00:00-05:00,124.02103424072266,0
2019-12-13 00:00:00-05:00,124.05619812011719,0
2019-12-16 00:00:00-05:00,124.41592407226562,0
2019-12-17 00:00:00-05:00,125.96903228759766,-1
2019-12-18 00:00:00-05:00,125.64437866210938,1
2019-12-19 00:00:00-05:00,127.5396957397461,0
2019-12-20 00:00:00-05:00,128.16268920898438,0
2019-12-23 00:00:00-05:00,128.49610900878906,-1
2019-12-24 00:00:00-05:00,128.0486297607422,0
2019-12-26 00:00:00-05:00,127.96085357666016,0
2019-12-27 00:00:00-05:00,127.89067840576172,0
2019-12-30 00:00:00-05:00,127.4958267211914,1
2019-12-31 00:00:00-05:00,127.99591827392578,0
2020-01-02 00:00:00-05:00,128.08377075195312,-1
2020-01-03 00:00:00-05:00,126.60079956054688,0
2020-01-06 00:00:00-05:00,126.44287872314453,1
2020-01-07 00:00:00-05:00,127.21502685546875,-1
2020-01-08 00:00:00-05:00,127.19749450683594,1
2020-01-09 00:00:00-05:00,127.57483673095703,-1
2020-01-10 00:00:00-05:00,127.28522491455078,1
2020-01-13 00:00:00-05:00,127.8467788696289,0
2020-01-14 00:00:00-05:00,128.56634521484375,0
2020-01-15 00:00:00-05:00,128.9962615966797,0
2020-01-16 00:00:00-05:00,130.04049682617188,0
2020-01-17 00:00:00-05:00,130.8916015625,0
2020-01-21 00:00:00-05:00,130.97933959960938,-1
2020-01-22 00:00:00-05:00,130.0843505859375,1
2020-01-23 00:00:00-05:00,130.3300323486328,-1
2020-01-24 00:00:00-05:00,130.14578247070312,1
2020-01-27 00:00:00-05:00,130.52308654785156,0
2020-01-28 00:00:00-05:00,131.18116760253906,0
2020-01-29 00:00:00-05:00,132.09375,-1
2020-01-30 00:00:00-05:00,131.9358367919922,0
2020-01-31 00:00:00-05:00,130.62838745117188,1
2020-02-03 00:00:00-05:00,131.76910400390625,0
2020-02-04 00:00:00-05:00,133.02386474609375,0
2020-02-05 00:00:00-05:00,135.12103271484375,-1
2020-02-06 00:00:00-05:00,134.71734619140625,0
2020-02-07 00:00:00-05:00,133.2783203125,0
2020-02-10 00:00:00-05:00,133.25201416015625,1
2020-02-11 00:00:00-05:00,133.3660888671875,-1
2020-02-12 00:00:00-05:00,132.5763397216797,0
2020-02-13 00:00:00-05:00,131.69886779785156,1
2020-02-14 00:00:00-05:00,131.73399353027344,-1
2020-02-18 00:00:00-05:00,130.86532592773438,0
2020-02-19 00:00:00-05:00,130.68980407714844,0
2020-02-20 00:00:00-05:00,130.18963623046875,1
2020-02-21 00:00:00-05:00,131.55848693847656,-1
2020-02-24 00:00:00-05:00,128.8474884033203,0
2020-02-25 00:00:00-05:00,127.73482513427734,0
2020-02-26 00:00:00-05:00,126.87825775146484,0
2020-02-27 00:00:00-05:00,122.85151672363281,0
2020-02-28 00:00:00-05:00,118.75410461425781,1
2020-03-02 00:00:00-05:00,123.64625549316406,-1
2020-03-03 00:00:00-05:00,119.73428344726562,1
2020-03-04 00:00:00-05:00,126.70165252685547,-1
2020-03-05 00:00:00-05:00,125.403564453125,1
2020-03-06 00:00:00-05:00,125.42121887207031,-1
2020-03-09 00:00:00-04:00,120.48490142822266,1
2020-03-10 00:00:00-04:00,125.07682037353516,-1
2020-03-11 00:00:00-04:00,116.38750457763672,0
2020-03-12 00:00:00-04:00,110.74474334716797,1
2020-03-13 00:00:00-04:00,118.5863265991211,-1
2020-03-16 00:00:00-04:00,112.26359558105469,1
2020-03-17 00:00:00-04:00,120.61732482910156,-1
2020-03-18 00:00:00-04:00,119.17796325683594,0
2020-03-19 00:00:00-04:00,112.19294738769531,0
2020-03-20 00:00:00-04:00,105.87023162841797,0
2020-03-23 00:00:00-04:00,98.1434555053711,1
2020-03-24 00:00:00-04:00,105.2432632446289,0
2020-03-25 00:00:00-04:00,105.4375228881836,0
2020-03-26 00:00:00-04:00,111.76908111572266,-1
2020-03-27 00:00:00-04:00,108.7578353881836,1
2020-03-30 00:00:00-04:00,117.45600128173828,-1
2020-03-31 00:00:00-04:00,115.79586791992188,0
2020-04-01 00:00:00-04:00,113.74713897705078,1
2020-04-02 00:00:00-04:00,117.57962799072266,0
2020-04-03 00:00:00-04:00,118.4803466796875,0
2020-04-06 00:00:00-04:00,123.41668701171875,-1
2020-04-07 00:00:00-04:00,121.4032974243164,1
2020-04-08 00:00:00-04:00,126.50738525390625,-1
2020-04-09 00:00:00-04:00,124.7147445678711,0
2020-04-13 00:00:00-04:00,123.42549133300781,1
2020-04-14 00:00:00-04:00,128.95346069335938,0
2020-04-15 00:00:00-04:00,130.39285278320312,0
2020-04-16 00:00:00-04:00,132.1678009033203,0
2020-04-17 00:00:00-04:00,134.2429962158203,-1
2020-04-20 00:00:00-04:00,133.93392944335938,0
2020-04-21 00:00:00-04:00,132.1766357421875,1
2020-04-22 00:00:00-04:00,135.0995635986328,0
2020-04-23 00:00:00-04:00,137.32484436035156,-1
2020-04-24 00:00:00-04:00,136.75091552734375,0
2020-04-27 00:00:00-04:00,136.24754333496094,0
2020-04-28 00:00:00-04:00,133.68667602539062,0
2020-04-29 00:00:00-04:00,132.671142578125,0
2020-04-30 00:00:00-04:00,132.49453735351562,0
2020-05-01 00:00:00-04:00,130.9491729736328,0
2020-05-04 00:00:00-04:00,130.93153381347656,1
2020-05-05 00:00:00-04:00,132.01766967773438,-1
2020-05-06 00:00:00-04:00,130.7637481689453,0
2020-05-07 00:00:00-04:00,130.3310546875,1
2020-05-08 00:00:00-04:00,131.3112335205078,0
2020-05-11 00:00:00-04:00,131.6732940673828,-1
2020-05-12 00:00:00-04:00,129.93365478515625,0
2020-05-13 00:00:00-04:00,129.9248046875,1
2020-05-14 00:00:00-04:00,130.3751983642578,0
2020-05-15 00:00:00-04:00,132.8477325439453,0
2020-05-18 00:00:00-04:00,132.91836547851562,-1
2020-05-19 00:00:00-04:00,131.59381103515625,0
2020-05-20 00:00:00-04:00,130.4105224609375,0
2020-05-21 00:00:00-04:00,129.55398559570312,0
2020-05-22 00:00:00-04:00,128.37132263183594,1
2020-05-26 00:00:00-04:00,128.540283203125,0
2020-05-27 00:00:00-04:00,128.8336944580078,0
2020-05-28 00:00:00-04:00,130.68319702148438,0
2020-05-29 00:00:00-04:00,132.26596069335938,-1
2020-06-01 00:00:00-04:00,130.8787841796875,1
2020-06-02 00:00:00-04:00,131.82135009765625,0
2020-06-03 00:00:00-04:00,132.17703247070312,-1
2020-06-04 00:00:00-04:00,130.46981811523438,1
2020-06-05 00:00:00-04:00,130.97665405273438,-1
2020-06-08 00:00:00-04:00,130.50540161132812,0
2020-06-09 00:00:00-04:00,129.78515625,1
2020-06-10 00:00:00-04:00,131.42123413085938,-1
2020-06-11 00:00:00-04:00,125.25917053222656,1
2020-06-12 00:00:00-04:00,126.39733123779297,-1
2020-06-15 00:00:00-04:00,125.59707641601562,1
2020-06-16 00:00:00-04:00,128.4513702392578,-1
2020-06-17 00:00:00-04:00,128.0601043701172,0
2020-06-18 00:00:00-04:00,127.51773834228516,1
2020-06-19 00:00:00-04:00,127.89115142822266,-1
2020-06-22 00:00:00-04:00,127.49991607666016,0
2020-06-23 00:00:00-04:00,127.02864074707031,0
2020-06-24 00:00:00-04:00,124.32555389404297,0
2020-06-25 00:00:00-04:00,124.19216918945312,0
2020-06-26 00:00:00-04:00,122.53827667236328,1
2020-06-29 00:00:00-04:00,123.6319580078125,0
2020-06-30 00:00:00-04:00,125.04578399658203,-1
2020-07-01 00:00:00-04:00,124.8235092163086,1
2020-07-02 00:00:00-04:00,125.34810638427734,0
2020-07-06 00:00:00-04:00,127.1353530883789,-1
2020-07-07 00:00:00-04:00,127.01978302001953,1
2020-07-08 00:00:00-04:00,127.39323425292969,-1
2020-07-09 00:00:00-04:00,126.69966888427734,0
2020-07-10 00:00:00-04:00,126.59294891357422,1
2020-07-13 00:00:00-04:00,129.11827087402344,0
2020-07-14 00:00:00-04:00,131.52796936035156,0
2020-07-15 00:00:00-04:00,131.83023071289062,0
2020-07-16 00:00:00-04:00,132.71055603027344,0
2020-07-17 00:00:00-04:00,132.7994842529297,0
2020-07-20 00:00:00-04:00,133.02175903320312,0
2020-07-21 00:00:00-04:00,133.146240234375,0
2020-07-22 00:00:00-04:00,133.38632202148438,-1
2020-07-23 00:00:00-04:00,133.03065490722656,0
2020-07-24 00:00:00-04:00,131.7057647705078,0
2020-07-27 00:00:00-04:00,130.8699493408203,0
2020-07-28 00:00:00-04:00,130.5587158203125,0
2020-07-29 00:00:00-04:00,130.3008575439453,1
2020-07-30 00:00:00-04:00,130.567626953125,-1
2020-07-31 00:00:00-04:00,129.6072998046875,1
2020-08-03 00:00:00-04:00,131.02108764648438,-1
2020-08-04 00:00:00-04:00,130.905517578125,1
2020-08-05 00:00:00-04:00,131.9547119140625,-1
2020-08-06 00:00:00-04:00,131.1989288330078,1
2020-08-07 00:00:00-04:00,132.13259887695312,-1
2020-08-10 00:00:00-04:00,131.625732421875,0
2020-08-11 00:00:00-04:00,130.68319702148438,1
2020-08-12 00:00:00-04:00,133.07513427734375,-1
2020-08-13 00:00:00-04:00,131.59906005859375,1
2020-08-14 00:00:00-04:00,131.81246948242188,0
2020-08-17 00:00:00-04:00,132.47933959960938,0
2020-08-18 00:00:00-04:00,133.4574432373047,0
2020-08-19 00:00:00-04:00,133.72421264648438,0
2020-08-20 00:00:00-04:00,134.64004516601562,0
2020-08-21 00:00:00-04:00,135.83155822753906,0
2020-08-24 00:00:00-04:00,136.18959045410156,-1
2020-08-25 00:00:00-04:00,136.10903930664062,1
2020-08-26 00:00:00-04:00,136.3238983154297,0
2020-08-27 00:00:00-04:00,136.9325714111328,0
2020-08-28 00:00:00-04:00,137.52333068847656,-1
2020-08-31 00:00:00-04:00,137.3174285888672,0
2020-09-01 00:00:00-04:00,135.6256866455078,1
2020-09-02 00:00:00-04:00,137.69338989257812,-1
2020-09-03 00:00:00-04:00,133.86231994628906,0
2020-09-04 00:00:00-04:00,133.00302124023438,0
2020-09-08 00:00:00-04:00,131.81259155273438,1
2020-09-09 00:00:00-04:00,133.99659729003906,-1
2020-09-10 00:00:00-04:00,131.49928283691406,1
2020-09-11 00:00:00-04:00,132.27804565429688,0
2020-09-14 00:00:00-04:00,132.7882537841797,0
2020-09-15 00:00:00-04:00,133.27157592773438,-1
2020-09-16 00:00:00-04:00,132.83297729492188,0
2020-09-17 00:00:00-04:00,131.73202514648438,1
2020-09-18 00:00:00-04:00,133.53115844726562,-1
2020-09-21 00:00:00-04:00,129.87916564941406,0
2020-09-22 00:00:00-04:00,129.08251953125,1
2020-09-23 00:00:00-04:00,129.28839111328125,0
2020-09-24 00:00:00-04:00,129.4942626953125,0
2020-09-25 00:00:00-04:00,130.38046264648438,0
2020-09-28 00:00:00-04:00,131.67832946777344,-1
2020-09-29 00:00:00-04:00,131.633544921875,1
2020-09-30 00:00:00-04:00,133.26263427734375,-1
2020-10-01 00:00:00-04:00,131.8662872314453,0
2020-10-02 00:00:00-04:00,130.8995819091797,1
2020-10-05 00:00:00-04:00,132.68084716796875,-1
2020-10-06 00:00:00-04:00,130.91749572753906,1
2020-10-07 00:00:00-04:00,132.3675537109375,0
2020-10-08 00:00:00-04:00,133.27157592773438,0
2020-10-09 00:00:00-04:00,135.1333770751953,0
2020-10-12 00:00:00-04:00,135.91213989257812,-1
2020-10-13 00:00:00-04:00,132.7971954345703,0
2020-10-14 00:00:00-04:00,132.564453125,0
2020-10-15 00:00:00-04:00,131.7498779296875,1
2020-10-16 00:00:00-04:00,132.564453125,-1
2020-10-19 00:00:00-04:00,129.18096923828125,1
2020-10-20 00:00:00-04:00,129.38682556152344,-1
2020-10-21 00:00:00-04:00,128.8319091796875,1
2020-10-22 00:00:00-04:00,129.86126708984375,0
2020-10-23 00:00:00-04:00,130.0044708251953,-1
2020-10-26 00:00:00-04:00,128.86769104003906,0
2020-10-27 00:00:00-04:00,128.13368225097656,0
2020-10-28 00:00:00-04:00,123.84617614746094,0
2020-10-29 00:00:00-04:00,122.7989273071289,0
2020-10-30 00:00:00-04:00,122.727294921875,1
2020-11-02 00:00:00-05:00,124.14157104492188,-1
2020-11-03 00:00:00-05:00,123.97147369384766,1
2020-11-04 00:00:00-05:00,124.77706909179688,0
2020-11-05 00:00:00-05:00,125.09931945800781,0
2020-11-06 00:00:00-05:00,127.3281021118164,0
2020-11-09 00:00:00-05:00,130.75636291503906,0
2020-11-10 00:00:00-05:00,132.72557067871094,-1
2020-11-11 00:00:00-05:00,132.29592895507812,1
2020-11-12 00:00:00-05:00,132.7434844970703,0
2020-11-13 00:00:00-05:00,134.1756134033203,0
2020-11-16 00:00:00-05:00,135.02598571777344,-1
2020-11-17 00:00:00-05:00,133.68333435058594,0
2020-11-18 00:00:00-05:00,131.91104125976562,0
2020-11-19 00:00:00-05:00,131.70516967773438,0
2020-11-20 00:00:00-05:00,131.00697326660156,0
2020-11-23 00:00:00-05:00,129.67300415039062,0
2020-11-24 00:00:00-05:00,129.67300415039062,0
2020-11-25 00:00:00-05:00,129.5017547607422,1
2020-11-27 00:00:00-05:00,129.7902069091797,0
2020-11-30 00:00:00-05:00,130.40310668945312,0
2020-12-01 00:00:00-05:00,132.8997802734375,0
2020-12-02 00:00:00-05:00,133.5216827392578,0
2020-12-03 00:00:00-05:00,134.29678344726562,0
2020-12-04 00:00:00-05:00,135.44146728515625,-1
2020-12-07 00:00:00-05:00,134.26976013183594,1
2020-12-08 00:00:00-05:00,136.5951690673828,0
2020-12-09 00:00:00-05:00,137.99221801757812,-1
2020-12-10 00:00:00-05:00,137.22608947753906,1
2020-12-11 00:00:00-05:00,137.8570098876953,-1
2020-12-14 00:00:00-05:00,134.3599090576172,1
2020-12-15 00:00:00-05:00,135.7119140625,-1
2020-12-16 00:00:00-05:00,134.90069580078125,1
2020-12-17 00:00:00-05:00,138.4608612060547,0
2020-12-18 00:00:00-05:00,139.26307678222656,-1
2020-12-21 00:00:00-05:00,137.92010498046875,0
2020-12-22 00:00:00-05:00,137.6497039794922,0
2020-12-23 00:00:00-05:00,136.94667053222656,1
2020-12-24 00:00:00-05:00,137.4243927001953,0
2020-12-28 00:00:00-05:00,138.0733642578125,0
2020-12-29 00:00:00-05:00,138.92958068847656,0
2020-12-30 00:00:00-05:00,140.651123046875,0
2020-12-31 00:00:00-05:00,141.84988403320312,-1
2021-01-04 00:00:00-05:00,141.0567169189453,1
2021-01-05 00:00:00-05:00,142.71514892578125,0
2021-01-06 00:00:00-05:00,144.05812072753906,0
2021-01-07 00:00:00-05:00,144.54483032226562,-1
2021-01-08 00:00:00-05:00,144.2473602294922,0
2021-01-11 00:00:00-05:00,143.6435089111328,0
2021-01-12 00:00:00-05:00,142.52586364746094,0
2021-01-13 00:00:00-05:00,142.30953979492188,1
2021-01-14 00:00:00-05:00,144.79718017578125,-1
2021-01-15 00:00:00-05:00,144.4817352294922,1
2021-01-19 00:00:00-05:00,146.71702575683594,-1
2021-01-20 00:00:00-05:00,146.35647583007812,0
2021-01-21 00:00:00-05:00,145.7706298828125,1
2021-01-22 00:00:00-05:00,147.41104125976562,0
2021-01-25 00:00:00-05:00,149.60122680664062,0
2021-01-26 00:00:00-05:00,153.65719604492188,-1
2021-01-27 00:00:00-05:00,151.313720703125,1
2021-01-28 00:00:00-05:00,152.46739196777344,-1
2021-01-29 00:00:00-05:00,147.032470703125,0
2021-02-01 00:00:00-05:00,146.65394592285156,0
2021-02-02 00:00:00-05:00,145.33798217773438,0
2021-02-03 00:00:00-05:00,144.6619873046875,1
2021-02-04 00:00:00-05:00,146.0049591064453,0
2021-02-05 00:00:00-05:00,148.2222442626953,0
2021-02-08 00:00:00-05:00,148.64581298828125,0
2021-02-09 00:00:00-05:00,149.86260986328125,0
2021-02-10 00:00:00-05:00,150.3493194580078,-1
2021-02-11 00:00:00-05:00,149.67332458496094,1
2021-02-12 00:00:00-05:00,150.1420135498047,-1
2021-02-16 00:00:00-05:00,148.78102111816406,1
2021-02-17 00:00:00-05:00,149.31283569335938,0
2021-02-18 00:00:00-05:00,149.38490295410156,-1
2021-02-19 00:00:00-05:00,146.8972625732422,0
2021-02-22 00:00:00-05:00,146.8065643310547,0
2021-02-23 00:00:00-05:00,145.50967407226562,1
2021-02-24 00:00:00-05:00,147.45956420898438,0
2021-02-25 00:00:00-05:00,147.61375427246094,-1
2021-02-26 00:00:00-05:00,143.7139129638672,1
2021-03-01 00:00:00-05:00,144.49386596679688,-1
2021-03-02 00:00:00-05:00,144.2218017578125,0
2021-03-03 00:00:00-05:00,141.682373046875,0
2021-03-04 00:00:00-05:00,138.82550048828125,1
2021-03-05 00:00:00-05:00,141.5735626220703,0
2021-03-08 00:00:00-05:00,142.7525177001953,0
2021-03-09 00:00:00-05:00,143.02462768554688,0
2021-03-10 00:00:00-05:00,144.33969116210938,-1
2021-03-11 00:00:00-05:00,144.3306121826172,1
2021-03-12 00:00:00-05:00,144.7478485107422,0
2021-03-15 00:00:00-04:00,145.4915008544922,0
2021-03-16 00:00:00-04:00,146.3531036376953,-1
2021-03-17 00:00:00-04:00,145.80892944335938,0
2021-03-18 00:00:00-04:00,145.53684997558594,0
2021-03-19 00:00:00-04:00,145.14686584472656,1
2021-03-22 00:00:00-04:00,145.56407165527344,-1
2021-03-23 00:00:00-04:00,145.42800903320312,1
2021-03-24 00:00:00-04:00,146.84283447265625,0
2021-03-25 00:00:00-04:00,146.8972625732422,0
2021-03-26 00:00:00-04:00,149.58181762695312,0
2021-03-29 00:00:00-04:00,150.58853149414062,-1
2021-03-30 00:00:00-04:00,149.65435791015625,0
2021-03-31 00:00:00-04:00,149.05580139160156,0
2021-04-01 00:00:00-04:00,147.67723083496094,1
2021-04-05 00:00:00-04:00,148.22137451171875,-1
2021-04-06 00:00:00-04:00,148.18515014648438,1
2021-04-07 00:00:00-04:00,148.3846435546875,-1
2021-04-08 00:00:00-04:00,147.80416870117188,0
2021-04-09 00:00:00-04:00,146.24424743652344,1
2021-04-12 00:00:00-04:00,146.5979766845703,-1
2021-04-13 00:00:00-04:00,144.63900756835938,1
2021-04-14 00:00:00-04:00,145.0380096435547,0
2021-04-15 00:00:00-04:00,145.4643096923828,0
2021-04-16 00:00:00-04:00,147.14215087890625,0
2021-04-19 00:00:00-04:00,147.55026245117188,0
2021-04-20 00:00:00-04:00,150.987548828125,0
2021-04-21 00:00:00-04:00,151.08734130859375,-1
2021-04-22 00:00:00-04:00,149.80853271484375,1
2021-04-23 00:00:00-04:00,150.11691284179688,-1
2021-04-26 00:00:00-04:00,148.8472137451172,0
2021-04-27 00:00:00-04:00,147.99465942382812,0
2021-04-28 00:00:00-04:00,146.9063262939453,1
2021-04-29 00:00:00-04:00,148.91976928710938,-1
2021-04-30 00:00:00-04:00,147.58653259277344,1
2021-05-03 00:00:00-04:00,149.83578491210938,0
2021-05-04 00:00:00-04:00,152.15753173828125,-1
2021-05-05 00:00:00-04:00,151.52268981933594,1
2021-05-06 00:00:00-04:00,152.1303253173828,0
2021-05-07 00:00:00-04:00,152.81959533691406,0
2021-05-10 00:00:00-04:00,154.4248809814453,-1
2021-05-11 00:00:00-04:00,153.16421508789062,0
2021-05-12 00:00:00-04:00,152.5475311279297,1
2021-05-13 00:00:00-04:00,154.1437225341797,0
2021-05-14 00:00:00-04:00,154.37953186035156,0
2021-05-17 00:00:00-04:00,154.5337371826172,0
2021-05-18 00:00:00-04:00,154.58811950683594,-1
2021-05-19 00:00:00-04:00,154.2525634765625,1
2021-05-20 00:00:00-04:00,155.1504364013672,-1
2021-05-21 00:00:00-04:00,155.0506591796875,1
2021-05-24 00:00:00-04:00,155.6438751220703,-1
2021-05-25 00:00:00-04:00,155.21493530273438,0
2021-05-26 00:00:00-04:00,154.293212890625,0
2021-05-27 00:00:00-04:00,154.05592346191406,1
2021-05-28 00:00:00-04:00,154.4574737548828,-1
2021-06-01 00:00:00-04:00,151.06260681152344,1
2021-06-02 00:00:00-04:00,151.6740264892578,-1
2021-06-03 00:00:00-04:00,151.52801513671875,0
2021-06-04 00:00:00-04:00,151.46412658691406,0
2021-06-07 00:00:00-04:00,150.43292236328125,0
2021-06-08 00:00:00-04:00,149.10964965820312,1
2021-06-09 00:00:00-04:00,151.11732482910156,0
2021-06-10 00:00:00-04:00,152.4771270751953,-1
2021-06-11 00:00:00-04:00,150.54244995117188,1
2021-06-14 00:00:00-04:00,150.91659545898438,-1
2021-06-15 00:00:00-04:00,150.11354064941406,0
2021-06-16 00:00:00-04:00,150.05874633789062,1
2021-06-17 00:00:00-04:00,150.77967834472656,-1
2021-06-18 00:00:00-04:00,147.82286071777344,1
2021-06-21 00:00:00-04:00,149.5203094482422,-1
2021-06-22 00:00:00-04:00,149.3195343017578,0
2021-06-23 00:00:00-04:00,148.41607666015625,1
2021-06-24 00:00:00-04:00,149.0913848876953,0
2021-06-25 00:00:00-04:00,149.8579864501953,-1
2021-06-28 00:00:00-04:00,149.68460083007812,1
2021-06-29 00:00:00-04:00,149.69369506835938,0
2021-06-30 00:00:00-04:00,150.34169006347656,0
2021-07-01 00:00:00-04:00,151.45501708984375,0
2021-07-02 00:00:00-04:00,154.21107482910156,-1
2021-07-06 00:00:00-04:00,153.28936767578125,1
2021-07-07 00:00:00-04:00,154.60350036621094,-1
2021-07-08 00:00:00-04:00,154.30235290527344,1
2021-07-09 00:00:00-04:00,154.9137725830078,-1
2021-07-12 00:00:00-04:00,154.66738891601562,0
2021-07-13 00:00:00-04:00,154.4757537841797,1
2021-07-14 00:00:00-04:00,155.52523803710938,-1
2021-07-15 00:00:00-04:00,153.6544189453125,0
2021-07-16 00:00:00-04:00,153.4080047607422,0
2021-07-19 00:00:00-04:00,152.2946319580078,1
2021-07-20 00:00:00-04:00,153.72740173339844,0
2021-07-21 00:00:00-04:00,154.676513671875,0
2021-07-22 00:00:00-04:00,155.12364196777344,0
2021-07-23 00:00:00-04:00,156.77545166015625,0
2021-07-26 00:00:00-04:00,156.84844970703125,0
2021-07-27 00:00:00-04:00,157.56944274902344,-1
2021-07-28 00:00:00-04:00,157.13137817382812,0
2021-07-29 00:00:00-04:00,157.13137817382812,1
2021-07-30 00:00:00-04:00,157.14964294433594,0
2021-08-02 00:00:00-04:00,157.2135467529297,0
2021-08-03 00:00:00-04:00,159.1482391357422,-1
2021-08-04 00:00:00-04:00,158.208251953125,1
2021-08-05 00:00:00-04:00,158.50942993164062,-1
2021-08-06 00:00:00-04:00,157.98011779785156,1
2021-08-09 00:00:00-04:00,158.52767944335938,0
2021-08-10 00:00:00-04:00,158.58241271972656,0
2021-08-11 00:00:00-04:00,158.6097869873047,0
2021-08-12 00:00:00-04:00,159.88746643066406,0
2021-08-13 00:00:00-04:00,160.84567260742188,0
2021-08-16 00:00:00-04:00,162.29669189453125,0
2021-08-17 00:00:00-04:00,163.78424072265625,-1
2021-08-18 00:00:00-04:00,161.7035369873047,1
2021-08-19 00:00:00-04:00,162.9629364013672,0
2021-08-20 00:00:00-04:00,163.75686645507812,-1
2021-08-23 00:00:00-04:00,163.0499725341797,0
2021-08-24 00:00:00-04:00,161.01199340820312,0
2021-08-25 00:00:00-04:00,159.9470672607422,0
2021-08-26 00:00:00-04:00,159.09332275390625,0
2021-08-27 00:00:00-04:00,158.75363159179688,1
2021-08-30 00:00:00-04:00,159.4237823486328,-1
2021-08-31 00:00:00-04:00,158.93727111816406,1
2021-09-01 00:00:00-04:00,159.49725341796875,0
2021-09-02 00:00:00-04:00,160.5896759033203,0
2021-09-03 00:00:00-04:00,160.69065856933594,-1
2021-09-07 00:00:00-04:00,158.1936492919922,0
2021-09-08 00:00:00-04:00,157.8080596923828,0
2021-09-09 00:00:00-04:00,154.29205322265625,0
2021-09-10 00:00:00-04:00,153.2822265625,0
2021-09-13 00:00:00-04:00,152.20816040039062,0
2021-09-14 00:00:00-04:00,151.29013061523438,1
2021-09-15 00:00:00-04:00,151.85926818847656,-1
2021-09-16 00:00:00-04:00,151.6757049560547,0
2021-09-17 00:00:00-04:00,151.2442169189453,0
2021-09-20 00:00:00-04:00,150.38128662109375,1
2021-09-21 00:00:00-04:00,151.04225158691406,-1
2021-09-22 00:00:00-04:00,150.49143981933594,1
2021-09-23 00:00:00-04:00,151.34518432617188,-1
2021-09-24 00:00:00-04:00,150.88619995117188,0
2021-09-27 00:00:00-04:00,149.79376220703125,0
2021-09-28 00:00:00-04:00,149.4632568359375,1
2021-09-29 00:00:00-04:00,150.57406616210938,-1
2021-09-30 00:00:00-04:00,148.26065063476562,0
2021-10-01 00:00:00-04:00,147.3150634765625,0
2021-10-04 00:00:00-04:00,146.16754150390625,1
2021-10-05 00:00:00-04:00,146.49803161621094,0
2021-10-06 00:00:00-04:00,146.80099487304688,0
2021-10-07 00:00:00-04:00,148.11376953125,-1
2021-10-08 00:00:00-04:00,147.7373809814453,0
2021-10-11 00:00:00-04:00,147.11309814453125,0
2021-10-12 00:00:00-04:00,144.76296997070312,1
2021-10-13 00:00:00-04:00,146.14918518066406,0
2021-10-14 00:00:00-04:00,146.98455810546875,0
2021-10-15 00:00:00-04:00,148.07704162597656,-1
2021-10-18 00:00:00-04:00,146.99374389648438,1
2021-10-19 00:00:00-04:00,150.4363555908203,-1
2021-10-20 00:00:00-04:00,150.35372924804688,0
2021-10-21 00:00:00-04:00,150.00486755371094,1
2021-10-22 00:00:00-04:00,150.2986602783203,0
2021-10-25 00:00:00-04:00,150.629150390625,0
2021-10-26 00:00:00-04:00,152.1622314453125,-1
2021-10-27 00:00:00-04:00,150.31700134277344,0
2021-10-28 00:00:00-04:00,149.49998474121094,1
2021-10-29 00:00:00-04:00,149.52752685546875,0
2021-11-01 00:00:00-04:00,149.6560516357422,0
2021-11-02 00:00:00-04:00,152.01536560058594,-1
2021-11-03 00:00:00-04:00,151.52880859375,0
2021-11-04 00:00:00-04:00,151.1065216064453,0
2021-11-05 00:00:00-04:00,150.03244018554688,0
2021-11-08 00:00:00-05:00,149.51832580566406,0
2021-11-09 00:00:00-05:00,149.18783569335938,1
2021-11-10 00:00:00-05:00,150.8035430908203,-1
2021-11-11 00:00:00-05:00,149.69276428222656,1
2021-11-12 00:00:00-05:00,151.48287963867188,-1
2021-11-15 00:00:00-05:00,150.1150665283203,0
2021-11-16 00:00:00-05:00,149.334716796875,1
2021-11-17 00:00:00-05:00,149.89471435546875,-1
2021-11-18 00:00:00-05:00,149.08685302734375,1
2021-11-19 00:00:00-05:00,149.53668212890625,-1
2021-11-22 00:00:00-05:00,147.56849670410156,1
2021-11-23 00:00:00-05:00,148.48330688476562,-1
2021-11-24 00:00:00-05:00,148.0674591064453,0
2021-11-26 00:00:00-05:00,147.10647583007812,1
2021-11-29 00:00:00-05:00,147.6146697998047,-1
2021-11-30 00:00:00-05:00,144.0848846435547,1
2021-12-01 00:00:00-05:00,146.07156372070312,-1
2021-12-02 00:00:00-05:00,145.15676879882812,1
2021-12-03 00:00:00-05:00,147.27279663085938,0
2021-12-06 00:00:00-05:00,150.5623779296875,0
2021-12-07 00:00:00-05:00,150.95046997070312,0
2021-12-08 00:00:00-05:00,151.8560333251953,0
2021-12-09 00:00:00-05:00,153.29750061035156,-1
2021-12-10 00:00:00-05:00,152.91868591308594,1
2021-12-13 00:00:00-05:00,155.65380859375,0
2021-12-14 00:00:00-05:00,157.35400390625,0
2021-12-15 00:00:00-05:00,158.13946533203125,0
2021-12-16 00:00:00-05:00,159.86741638183594,-1
2021-12-17 00:00:00-05:00,155.45053100585938,0
2021-12-20 00:00:00-05:00,155.00698852539062,0
2021-12-21 00:00:00-05:00,154.5080108642578,1
2021-12-22 00:00:00-05:00,155.17332458496094,0
2021-12-23 00:00:00-05:00,155.468994140625,0
2021-12-27 00:00:00-05:00,156.78114318847656,0
2021-12-28 00:00:00-05:00,157.40951538085938,0
2021-12-29 00:00:00-05:00,158.518310546875,0
2021-12-30 00:00:00-05:00,159.2205810546875,-1
2021-12-31 00:00:00-05:00,158.07479858398438,1
2022-01-03 00:00:00-05:00,158.50906372070312,-1
2022-01-04 00:00:00-05:00,158.08399963378906,1
2022-01-05 00:00:00-05:00,159.137451171875,-1
2022-01-06 00:00:00-05:00,158.59225463867188,1
2022-01-07 00:00:00-05:00,160.73602294921875,-1
2022-01-10 00:00:00-05:00,159.94131469726562,0
2022-01-11 00:00:00-05:00,158.24110412597656,0
2022-01-12 00:00:00-05:00,156.89199829101562,0
2022-01-13 00:00:00-05:00,155.94024658203125,0
2022-01-14 00:00:00-05:00,155.0901641845703,0
2022-01-18 00:00:00-05:00,154.4063720703125,0
2022-01-19 00:00:00-05:00,153.92587280273438,0
2022-01-20 00:00:00-05:00,152.69691467285156,0
2022-01-21 00:00:00-05:00,152.34576416015625,0
2022-01-24 00:00:00-05:00,150.59010314941406,1
2022-01-25 00:00:00-05:00,154.8961181640625,0
2022-01-26 00:00:00-05:00,155.589111328125,0
2022-01-27 00:00:00-05:00,157.63125610351562,0
2022-01-28 00:00:00-05:00,158.7400665283203,0
2022-01-31 00:00:00-05:00,159.20208740234375,-1
2022-02-01 00:00:00-05:00,157.89920043945312,1
2022-02-02 00:00:00-05:00,159.6456298828125,-1
2022-02-03 00:00:00-05:00,159.6363983154297,0
2022-02-04 00:00:00-05:00,158.59225463867188,0
2022-02-07 00:00:00-05:00,158.06556701660156,1
2022-02-08 00:00:00-05:00,158.4813690185547,-1
2022-02-09 00:00:00-05:00,158.462890625,0
2022-02-10 00:00:00-05:00,156.5501251220703,0
2022-02-11 00:00:00-05:00,154.97003173828125,0
2022-02-14 00:00:00-05:00,153.0203094482422,1
2022-02-15 00:00:00-05:00,154.6003875732422,-1
2022-02-16 00:00:00-05:00,154.5080108642578,0
2022-02-17 00:00:00-05:00,153.5654754638672,0
2022-02-18 00:00:00-05:00,151.91944885253906,0
2022-02-22 00:00:00-05:00,149.85488891601562,1
2022-02-23 00:00:00-05:00,149.9293212890625,-1
2022-02-24 00:00:00-05:00,147.06503295898438,1
2022-02-25 00:00:00-05:00,154.37454223632812,-1
2022-02-28 00:00:00-05:00,153.0447235107422,0
2022-03-01 00:00:00-05:00,152.51461791992188,1
2022-03-02 00:00:00-05:00,154.41175842285156,0
2022-03-03 00:00:00-05:00,156.68084716796875,0
2022-03-04 00:00:00-05:00,157.61080932617188,0
2022-03-07 00:00:00-05:00,160.149658203125,-1
2022-03-08 00:00:00-05:00,156.90408325195312,1
2022-03-09 00:00:00-05:00,157.49923706054688,0
2022-03-10 00:00:00-05:00,157.7782440185547,-1
2022-03-11 00:00:00-05:00,157.48995971679688,1
2022-03-14 00:00:00-04:00,159.66607666015625,0
2022-03-15 00:00:00-04:00,163.80442810058594,-1
2022-03-16 00:00:00-04:00,162.2978973388672,1
2022-03-17 00:00:00-04:00,164.41818237304688,-1
2022-03-18 00:00:00-04:00,162.59547424316406,1
2022-03-21 00:00:00-04:00,163.51612854003906,-1
2022-03-22 00:00:00-04:00,162.74427795410156,0
2022-03-23 00:00:00-04:00,162.1304931640625,1
2022-03-24 00:00:00-04:00,162.96746826171875,0
2022-03-25 00:00:00-04:00,164.52980041503906,0
2022-03-28 00:00:00-04:00,165.37606811523438,-1
2022-03-29 00:00:00-04:00,165.29238891601562,1
2022-03-30 00:00:00-04:00,167.01280212402344,-1
2022-03-31 00:00:00-04:00,164.8180694580078,1
2022-04-01 00:00:00-04:00,165.71087646484375,-1
2022-04-04 00:00:00-04:00,164.11129760742188,1
2022-04-05 00:00:00-04:00,165.1714630126953,0
2022-04-06 00:00:00-04:00,169.46791076660156,-1
2022-04-07 00:00:00-04:00,169.03085327148438,1
2022-04-08 00:00:00-04:00,169.36563110351562,-1
2022-04-11 00:00:00-04:00,167.24530029296875,1
2022-04-12 00:00:00-04:00,167.30108642578125,0
2022-04-13 00:00:00-04:00,168.00787353515625,-1
2022-04-14 00:00:00-04:00,167.30108642578125,0
2022-04-18 00:00:00-04:00,165.2179718017578,1
2022-04-19 00:00:00-04:00,170.2584228515625,0
2022-04-20 00:00:00-04:00,171.01168823242188,-1
2022-04-21 00:00:00-04:00,170.51881408691406,0
2022-04-22 00:00:00-04:00,168.82623291015625,1
2022-04-25 00:00:00-04:00,172.98318481445312,-1
2022-04-26 00:00:00-04:00,171.746337890625,0
2022-04-27 00:00:00-04:00,169.3470458984375,1
2022-04-28 00:00:00-04:00,170.61180114746094,-1
2022-04-29 00:00:00-04:00,167.82186889648438,0
2022-05-02 00:00:00-04:00,166.1293182373047,0
2022-05-03 00:00:00-04:00,165.80384826660156,1
2022-05-04 00:00:00-04:00,167.580078125,-1
2022-05-05 00:00:00-04:00,164.38101196289062,0
2022-05-06 00:00:00-04:00,164.018310546875,1
2022-05-09 00:00:00-04:00,164.91107177734375,-1
2022-05-10 00:00:00-04:00,164.68788146972656,0
2022-05-11 00:00:00-04:00,163.79513549804688,1
2022-05-12 00:00:00-04:00,165.4132537841797,-1
2022-05-13 00:00:00-04:00,164.46470642089844,1
2022-05-16 00:00:00-04:00,165.60855102539062,0
2022-05-17 00:00:00-04:00,166.2967529296875,-1
2022-05-18 00:00:00-04:00,163.2092742919922,0
2022-05-19 00:00:00-04:00,161.75851440429688,1
2022-05-20 00:00:00-04:00,164.58560180664062,0
2022-05-23 00:00:00-04:00,167.9456329345703,0
2022-05-24 00:00:00-04:00,169.78005981445312,-1
2022-05-25 00:00:00-04:00,168.1140899658203,0
2022-05-26 00:00:00-04:00,167.96437072753906,1
2022-05-27 00:00:00-04:00,169.48992919921875,-1
2022-05-31 00:00:00-04:00,168.02987670898438,0
2022-06-01 00:00:00-04:00,166.32647705078125,0
2022-06-02 00:00:00-04:00,165.8023223876953,0
2022-06-03 00:00:00-04:00,165.11907958984375,0
2022-06-06 00:00:00-04:00,165.1003875732422,1
2022-06-07 00:00:00-04:00,166.91610717773438,-1
2022-06-08 00:00:00-04:00,165.9239959716797,0
2022-06-09 00:00:00-04:00,162.58270263671875,0
2022-06-10 00:00:00-04:00,161.4969940185547,0
2022-06-13 00:00:00-04:00,159.8684539794922,0
2022-06-14 00:00:00-04:00,157.41627502441406,1
2022-06-15 00:00:00-04:00,159.1009521484375,0
2022-06-16 00:00:00-04:00,159.18521118164062,-1
2022-06-17 00:00:00-04:00,158.6049346923828,1
2022-06-21 00:00:00-04:00,161.9275360107422,0
2022-06-22 00:00:00-04:00,164.482666015625,0
2022-06-23 00:00:00-04:00,168.1515350341797,0
2022-06-24 00:00:00-04:00,170.61305236816406,-1
2022-06-27 00:00:00-04:00,170.45396423339844,0
2022-06-28 00:00:00-04:00,165.60574340820312,1
2022-06-29 00:00:00-04:00,165.652587890625,0
2022-06-30 00:00:00-04:00,166.13926696777344,0
2022-07-01 00:00:00-04:00,168.0205078125,-1
2022-07-05 00:00:00-04:00,166.72894287109375,1
2022-07-06 00:00:00-04:00,166.878662109375,0
2022-07-07 00:00:00-04:00,167.06582641601562,-1
2022-07-08 00:00:00-04:00,166.8599395751953,1
2022-07-11 00:00:00-04:00,166.92547607421875,-1
2022-07-12 00:00:00-04:00,164.58560180664062,0
2022-07-13 00:00:00-04:00,164.20184326171875,1
2022-07-14 00:00:00-04:00,164.4264678955078,0
2022-07-15 00:00:00-04:00,166.81314086914062,-1
2022-07-18 00:00:00-04:00,163.06936645507812,0
2022-07-19 00:00:00-04:00,160.69207763671875,0
2022-07-20 00:00:00-04:00,159.7748565673828,1
2022-07-21 00:00:00-04:00,160.33641052246094,0
2022-07-22 00:00:00-04:00,161.09454345703125,0
2022-07-25 00:00:00-04:00,161.41273498535156,0
2022-07-26 00:00:00-04:00,162.5546112060547,-1
2022-07-27 00:00:00-04:00,162.10536193847656,1
2022-07-28 00:00:00-04:00,163.04127502441406,0
2022-07-29 00:00:00-04:00,163.34080505371094,-1
2022-08-01 00:00:00-04:00,162.76986694335938,0
2022-08-02 00:00:00-04:00,161.84329223632812,1
2022-08-03 00:00:00-04:00,163.40631103515625,-1
2022-08-04 00:00:00-04:00,160.78567504882812,0
2022-08-05 00:00:00-04:00,160.1492156982422,0
2022-08-08 00:00:00-04:00,159.29751586914062,0
2022-08-09 00:00:00-04:00,159.27877807617188,1
2022-08-10 00:00:00-04:00,159.73741149902344,-1
2022-08-11 00:00:00-04:00,156.43356323242188,0
2022-08-12 00:00:00-04:00,154.71141052246094,1
2022-08-15 00:00:00-04:00,155.45079040527344,0
2022-08-16 00:00:00-04:00,156.83599853515625,0
2022-08-17 00:00:00-04:00,156.84535217285156,-1
2022-08-18 00:00:00-04:00,156.0872344970703,1
2022-08-19 00:00:00-04:00,158.4645233154297,-1
2022-08-22 00:00:00-04:00,157.90859985351562,0
2022-08-23 00:00:00-04:00,156.53297424316406,0
2022-08-24 00:00:00-04:00,156.0147247314453,1
2022-08-25 00:00:00-04:00,157.4751739501953,-1
2022-08-26 00:00:00-04:00,154.78042602539062,0
2022-08-29 00:00:00-04:00,153.5837860107422,0
2022-08-30 00:00:00-04:00,153.0466766357422,0
2022-08-31 00:00:00-04:00,152.01966857910156,1
2022-09-01 00:00:00-04:00,155.78858947753906,-1
2022-09-02 00:00:00-04:00,153.33880615234375,1
2022-09-06 00:00:00-04:00,153.7533721923828,0
2022-09-07 00:00:00-04:00,154.59194946289062,0
2022-09-08 00:00:00-04:00,155.835693359375,0
2022-09-09 00:00:00-04:00,156.13722229003906,-1
2022-09-12 00:00:00-04:00,156.07127380371094,0
2022-09-13 00:00:00-04:00,152.01025390625,1
2022-09-14 00:00:00-04:00,155.1478729248047,0
2022-09-15 00:00:00-04:00,155.54360961914062,0
2022-09-16 00:00:00-04:00,157.9180450439453,-1
2022-09-19 00:00:00-04:00,156.67430114746094,0
2022-09-20 00:00:00-04:00,155.44000244140625,0
2022-09-21 00:00:00-04:00,153.84759521484375,1
2022-09-22 00:00:00-04:00,156.58006286621094,0
2022-09-23 00:00:00-04:00,157.0888671875,-1
2022-09-26 00:00:00-04:00,156.1278076171875,0
2022-09-27 00:00:00-04:00,155.4116973876953,1
2022-09-28 00:00:00-04:00,156.7496795654297,-1
2022-09-29 00:00:00-04:00,155.025390625,0
2022-09-30 00:00:00-04:00,153.92298889160156,0
2022-10-03 00:00:00-04:00,153.772216796875,1
2022-10-04 00:00:00-04:00,156.05239868164062,-1
2022-10-05 00:00:00-04:00,155.57188415527344,0
2022-10-06 00:00:00-04:00,152.55674743652344,0
2022-10-07 00:00:00-04:00,150.94552612304688,1
2022-10-10 00:00:00-04:00,151.14340209960938,0
2022-10-11 00:00:00-04:00,153.32937622070312,-1
2022-10-12 00:00:00-04:00,153.29168701171875,1
2022-10-13 00:00:00-04:00,155.6095733642578,-1
2022-10-14 00:00:00-04:00,154.95944213867188,1
2022-10-17 00:00:00-04:00,156.9663848876953,-1
2022-10-18 00:00:00-04:00,156.4198760986328,0
2022-10-19 00:00:00-04:00,155.1761474609375,1
2022-10-20 00:00:00-04:00,155.57188415527344,0
2022-10-21 00:00:00-04:00,158.9639129638672,0
2022-10-24 00:00:00-04:00,161.102783203125,-1
2022-10-25 00:00:00-04:00,160.84840393066406,1
2022-10-26 00:00:00-04:00,162.26173400878906,0
2022-10-27 00:00:00-04:00,162.35595703125,0
2022-10-28 00:00:00-04:00,164.76805114746094,-1
2022-10-31 00:00:00-04:00,163.92005920410156,0
2022-11-01 00:00:00-04:00,163.09088134765625,0
2022-11-02 00:00:00-04:00,160.5845489501953,1
2022-11-03 00:00:00-04:00,160.85780334472656,0
2022-11-04 00:00:00-04:00,161.57388305664062,0
2022-11-07 00:00:00-05:00,162.98724365234375,0
2022-11-08 00:00:00-05:00,163.7975311279297,-1
2022-11-09 00:00:00-05:00,162.4878692626953,1
2022-11-10 00:00:00-05:00,164.39117431640625,-1
2022-11-11 00:00:00-05:00,159.47271728515625,1
2022-11-14 00:00:00-05:00,161.97906494140625,0
2022-11-15 00:00:00-05:00,162.43133544921875,0
2022-11-16 00:00:00-05:00,163.43951416015625,0
2022-11-17 00:00:00-05:00,164.75863647460938,0
2022-11-18 00:00:00-05:00,166.02122497558594,0
2022-11-21 00:00:00-05:00,166.87472534179688,0
2022-11-22 00:00:00-05:00,167.6807861328125,0
2022-11-23 00:00:00-05:00,167.86094665527344,0
2022-11-25 00:00:00-05:00,168.07907104492188,0
2022-11-28 00:00:00-05:00,168.16441345214844,-1
2022-11-29 00:00:00-05:00,166.98849487304688,1
2022-11-30 00:00:00-05:00,168.7998046875,0
2022-12-01 00:00:00-05:00,169.50155639648438,0
2022-12-02 00:00:00-05:00,169.63430786132812,-1
2022-12-05 00:00:00-05:00,169.53944396972656,0
2022-12-06 00:00:00-05:00,166.9980010986328,1
2022-12-07 00:00:00-05:00,168.01268005371094,0
2022-12-08 00:00:00-05:00,168.04115295410156,-1
2022-12-09 00:00:00-05:00,166.65660095214844,1
2022-12-12 00:00:00-05:00,168.6480712890625,0
2022-12-13 00:00:00-05:00,169.94725036621094,0
2022-12-14 00:00:00-05:00,170.46881103515625,-1
2022-12-15 00:00:00-05:00,168.316162109375,0
2022-12-16 00:00:00-05:00,166.59022521972656,0
2022-12-19 00:00:00-05:00,166.41004943847656,1
2022-12-20 00:00:00-05:00,166.59022521972656,0
2022-12-21 00:00:00-05:00,168.49632263183594,-1
2022-12-22 00:00:00-05:00,167.8799285888672,1
2022-12-23 00:00:00-05:00,168.30667114257812,-1
2022-12-27 00:00:00-05:00,168.2592315673828,0
2022-12-28 00:00:00-05:00,167.52903747558594,1
2022-12-29 00:00:00-05:00,168.38253784179688,-1
2022-12-30 00:00:00-05:00,167.5195770263672,1
2023-01-03 00:00:00-05:00,168.97999572753906,0
2023-01-04 00:00:00-05:00,170.81971740722656,-1
2023-01-05 00:00:00-05:00,169.55844116210938,1
2023-01-06 00:00:00-05:00,170.93350219726562,-1
2023-01-09 00:00:00-05:00,166.5048828125,0
2023-01-10 00:00:00-05:00,166.10658264160156,0
2023-01-11 00:00:00-05:00,165.84104919433594,0
2023-01-12 00:00:00-05:00,165.00653076171875,0
2023-01-13 00:00:00-05:00,164.46600341796875,0
2023-01-17 00:00:00-05:00,163.4512939453125,0
2023-01-18 00:00:00-05:00,160.9856719970703,0
2023-01-19 00:00:00-05:00,160.767578125,0
2023-01-20 00:00:00-05:00,160.0184326171875,0
2023-01-23 00:00:00-05:00,159.6106414794922,0
2023-01-24 00:00:00-05:00,159.6106414794922,1
2023-01-25 00:00:00-05:00,160.74862670898438,-1
2023-01-26 00:00:00-05:00,160.16067504882812,0
2023-01-27 00:00:00-05:00,159.53477478027344,0
2023-01-30 00:00:00-05:00,153.6267547607422,1
2023-01-31 00:00:00-05:00,154.97340393066406,0
2023-02-01 00:00:00-05:00,156.39585876464844,0
2023-02-02 00:00:00-05:00,156.9838104248047,-1
2023-02-03 00:00:00-05:00,156.1018829345703,0
2023-02-06 00:00:00-05:00,154.91650390625,1
2023-02-07 00:00:00-05:00,154.95440673828125,0
2023-02-08 00:00:00-05:00,155.15354919433594,-1
2023-02-09 00:00:00-05:00,153.05780029296875,1
2023-02-10 00:00:00-05:00,153.76902770996094,0
2023-02-13 00:00:00-05:00,154.33798217773438,-1
2023-02-14 00:00:00-05:00,153.66470336914062,0
2023-02-15 00:00:00-05:00,151.1326904296875,0
2023-02-16 00:00:00-05:00,150.06114196777344,1
2023-02-17 00:00:00-05:00,153.19395446777344,-1
2023-02-21 00:00:00-05:00,150.91119384765625,0
2023-02-22 00:00:00-05:00,150.7010498046875,0
2023-02-23 00:00:00-05:00,150.65330505371094,0
2023-02-24 00:00:00-05:00,148.97225952148438,0
2023-02-27 00:00:00-05:00,148.6475067138672,0
2023-02-28 00:00:00-05:00,146.38385009765625,0
2023-03-01 00:00:00-05:00,145.72482299804688,0
2023-03-02 00:00:00-05:00,145.6101837158203,1
2023-03-03 00:00:00-05:00,147.1097412109375,0
2023-03-06 00:00:00-05:00,148.58067321777344,-1
2023-03-07 00:00:00-05:00,147.17660522460938,0
2023-03-08 00:00:00-05:00,146.09732055664062,0
2023-03-09 00:00:00-05:00,144.45448303222656,1
2023-03-10 00:00:00-05:00,144.807861328125,0
2023-03-13 00:00:00-04:00,146.1928253173828,0
2023-03-14 00:00:00-04:00,147.01422119140625,0
2023-03-15 00:00:00-04:00,147.42495727539062,-1
2023-03-16 00:00:00-04:00,147.1193084716797,0
2023-03-17 00:00:00-04:00,145.5433349609375,1
2023-03-20 00:00:00-04:00,146.98558044433594,0
2023-03-21 00:00:00-04:00,146.98558044433594,-1
2023-03-22 00:00:00-04:00,144.27301025390625,1
2023-03-23 00:00:00-04:00,144.34942626953125,0
2023-03-24 00:00:00-04:00,145.8012237548828,0
2023-03-27 00:00:00-04:00,146.42205810546875,-1
2023-03-28 00:00:00-04:00,145.0084686279297,1
2023-03-29 00:00:00-04:00,146.43161010742188,0
2023-03-30 00:00:00-04:00,146.54624938964844,0
2023-03-31 00:00:00-04:00,148.0457763671875,0
2023-04-03 00:00:00-04:00,149.8127899169922,0
2023-04-04 00:00:00-04:00,151.3792266845703,0
2023-04-05 00:00:00-04:00,158.17974853515625,-1
2023-04-06 00:00:00-04:00,157.7404022216797,0
2023-04-10 00:00:00-04:00,156.9476318359375,0
2023-04-11 00:00:00-04:00,156.89988708496094,0
2023-04-12 00:00:00-04:00,156.56556701660156,1
2023-04-13 00:00:00-04:00,158.65731811523438,-1
2023-04-14 00:00:00-04:00,158.39944458007812,0
2023-04-17 00:00:00-04:00,158.23707580566406,0
2023-04-18 00:00:00-04:00,153.78614807128906,1
2023-04-19 00:00:00-04:00,155.23794555664062,0
2023-04-20 00:00:00-04:00,156.2408447265625,-1
2023-04-21 00:00:00-04:00,155.39076232910156,1
2023-04-24 00:00:00-04:00,156.33633422851562,0
2023-04-25 00:00:00-04:00,157.76902770996094,-1
2023-04-26 00:00:00-04:00,155.3238983154297,1
2023-04-27 00:00:00-04:00,155.6868438720703,0
2023-04-28 00:00:00-04:00,156.35545349121094,-1
2023-05-01 00:00:00-04:00,156.25994873046875,1
2023-05-02 00:00:00-04:00,157.6257781982422,-1
2023-05-03 00:00:00-04:00,155.56268310546875,0
2023-05-04 00:00:00-04:00,154.85589599609375,1
2023-05-05 00:00:00-04:00,155.3812255859375,-1
2023-05-08 00:00:00-04:00,155.02781677246094,0
2023-05-09 00:00:00-04:00,153.82435607910156,1
2023-05-10 00:00:00-04:00,154.3974151611328,-1
2023-05-11 00:00:00-04:00,153.76705932617188,0
2023-05-12 00:00:00-04:00,153.56646728515625,0
2023-05-15 00:00:00-04:00,152.3916473388672,0
2023-05-16 00:00:00-04:00,152.19105529785156,0
2023-05-17 00:00:00-04:00,151.85679626464844,0
2023-05-18 00:00:00-04:00,151.36964416503906,1
2023-05-19 00:00:00-04:00,151.7803497314453,-1
2023-05-22 00:00:00-04:00,150.9623565673828,0
2023-05-23 00:00:00-04:00,150.90463256835938,0
2023-05-24 00:00:00-04:00,150.76026916503906,0
2023-05-25 00:00:00-04:00,148.5950164794922,0
2023-05-26 00:00:00-04:00,148.5372772216797,1
2023-05-30 00:00:00-04:00,148.55650329589844,0
2023-05-31 00:00:00-04:00,149.22052001953125,-1
2023-06-01 00:00:00-04:00,148.72010803222656,1
2023-06-02 00:00:00-04:00,151.05860900878906,0
2023-06-05 00:00:00-04:00,152.35777282714844,-1
2023-06-06 00:00:00-04:00,152.2230224609375,1
2023-06-07 00:00:00-04:00,152.55023193359375,0
2023-06-08 00:00:00-04:00,154.22470092773438,-1
2023-06-09 00:00:00-04:00,153.98411560058594,0
2023-06-12 00:00:00-04:00,153.8782501220703,1
2023-06-13 00:00:00-04:00,154.68661499023438,0
2023-06-14 00:00:00-04:00,155.47573852539062,0
2023-06-15 00:00:00-04:00,157.56399536132812,0
2023-06-16 00:00:00-04:00,158.04518127441406,-1
2023-06-20 00:00:00-04:00,157.94895935058594,0
2023-06-21 00:00:00-04:00,157.70838928222656,1
2023-06-22 00:00:00-04:00,159.38282775878906,-1
2023-06-23 00:00:00-04:00,159.2481231689453,0
2023-06-26 00:00:00-04:00,157.46778869628906,0
2023-06-27 00:00:00-04:00,157.14059448242188,0
2023-06-28 00:00:00-04:00,156.8230438232422,1
2023-06-29 00:00:00-04:00,157.92010498046875,0
2023-06-30 00:00:00-04:00,159.28660583496094,-1
2023-07-03 00:00:00-04:00,157.19833374023438,0
2023-07-05 00:00:00-04:00,156.67864990234375,0
2023-07-06 00:00:00-04:00,155.5142364501953,0
2023-07-07 00:00:00-04:00,153.25274658203125,1
2023-07-10 00:00:00-04:00,153.50294494628906,-1
2023-07-11 00:00:00-04:00,152.65609741210938,0
2023-07-12 00:00:00-04:00,152.12680053710938,1
2023-07-13 00:00:00-04:00,152.82931518554688,0
2023-07-14 00:00:00-04:00,153.84939575195312,-1
2023-07-17 00:00:00-04:00,153.07949829101562,0
2023-07-18 00:00:00-04:00,153.0699005126953,0
2023-07-19 00:00:00-04:00,152.76193237304688,1
2023-07-20 00:00:00-04:00,162.0388946533203,0
2023-07-21 00:00:00-04:00,163.78074645996094,0
2023-07-24 00:00:00-04:00,164.63720703125,0
2023-07-25 00:00:00-04:00,165.8979034423828,0
2023-07-26 00:00:00-04:00,166.21548461914062,0
2023-07-27 00:00:00-04:00,167.14894104003906,0
2023-07-28 00:00:00-04:00,167.9091796875,-1
2023-07-31 00:00:00-04:00,161.22091674804688,1
2023-08-01 00:00:00-04:00,162.52969360351562,0
2023-08-02 00:00:00-04:00,163.5113067626953,0
2023-08-03 00:00:00-04:00,164.21380615234375,-1
2023-08-04 00:00:00-04:00,162.67405700683594,1
2023-08-07 00:00:00-04:00,166.58116149902344,0
2023-08-08 00:00:00-04:00,166.65814208984375,-1
2023-08-09 00:00:00-04:00,166.55227661132812,0
2023-08-10 00:00:00-04:00,165.6861572265625,1
2023-08-11 00:00:00-04:00,167.3029022216797,-1
2023-08-14 00:00:00-04:00,166.90835571289062,0
2023-08-15 00:00:00-04:00,166.42718505859375,0
2023-08-16 00:00:00-04:00,165.8979034423828,1
2023-08-17 00:00:00-04:00,167.45687866210938,-1
2023-08-18 00:00:00-04:00,165.994140625,0
2023-08-21 00:00:00-04:00,161.04769897460938,0
2023-08-22 00:00:00-04:00,159.76779174804688,0
2023-08-23 00:00:00-04:00,158.33389282226562,1
2023-08-24 00:00:00-04:00,158.872802734375,0
2023-08-25 00:00:00-04:00,161.15072631835938,-1
2023-08-28 00:00:00-04:00,159.25083923339844,1
2023-08-29 00:00:00-04:00,159.2702178955078,-1
2023-08-30 00:00:00-04:00,158.70799255371094,0
2023-08-31 00:00:00-04:00,156.7209014892578,0
2023-09-01 00:00:00-04:00,155.5576934814453,1
2023-09-05 00:00:00-04:00,155.75155639648438,-1
2023-09-06 00:00:00-04:00,153.1634521484375,1
2023-09-07 00:00:00-04:00,155.1215057373047,0
2023-09-08 00:00:00-04:00,155.63525390625,0
2023-09-11 00:00:00-04:00,157.67083740234375,0
2023-09-12 00:00:00-04:00,158.5626220703125,0
2023-09-13 00:00:00-04:00,158.96005249023438,-1
2023-09-14 00:00:00-04:00,158.71771240234375,0
2023-09-15 00:00:00-04:00,156.49794006347656,1
2023-09-18 00:00:00-04:00,157.48666381835938,-1
2023-09-19 00:00:00-04:00,157.22494506835938,1
2023-09-20 00:00:00-04:00,157.91317749023438,-1
2023-09-21 00:00:00-04:00,156.7014923095703,0
2023-09-22 00:00:00-04:00,155.5771026611328,0
2023-09-25 00:00:00-04:00,155.34445190429688,0
2023-09-26 00:00:00-04:00,154.14247131347656,0
2023-09-27 00:00:00-04:00,152.29107666015625,0
2023-09-28 00:00:00-04:00,152.06813049316406,0
2023-09-29 00:00:00-04:00,150.9727783203125,0
2023-10-02 00:00:00-04:00,150.39117431640625,1
2023-10-03 00:00:00-04:00,150.57534790039062,0
2023-10-04 00:00:00-04:00,150.74984741210938,0
2023-10-05 00:00:00-04:00,152.3201446533203,0
2023-10-06 00:00:00-04:00,152.8048095703125,0
2023-10-09 00:00:00-04:00,153.6772003173828,-1
2023-10-10 00:00:00-04:00,153.5027313232422,0
2023-10-11 00:00:00-04:00,151.38958740234375,1
2023-10-12 00:00:00-04:00,151.5349884033203,0
2023-10-13 00:00:00-04:00,152.03904724121094,0
2023-10-16 00:00:00-04:00,152.69818115234375,-1
2023-10-17 00:00:00-04:00,151.30233764648438,0
2023-10-18 00:00:00-04:00,148.04539489746094,0
2023-10-19 00:00:00-04:00,147.6479949951172,1
2023-10-20 00:00:00-04:00,148.30712890625,-1
2023-10-23 00:00:00-04:00,146.7465057373047,0
2023-10-24 00:00:00-04:00,146.59141540527344,1
2023-10-25 00:00:00-04:00,146.92100524902344,-1
2023-10-26 00:00:00-04:00,144.42982482910156,0
2023-10-27 00:00:00-04:00,141.13412475585938,1
2023-10-30 00:00:00-04:00,142.52024841308594,0
2023-10-31 00:00:00-04:00,143.79005432128906,0
2023-11-01 00:00:00-04:00,144.12933349609375,0
2023-11-02 00:00:00-04:00,145.6317901611328,0
2023-11-03 00:00:00-04:00,146.69802856445312,0
2023-11-06 00:00:00-05:00,147.04701232910156,-1
2023-11-07 00:00:00-05:00,146.27154541015625,0
2023-11-08 00:00:00-05:00,145.73841857910156,0
2023-11-09 00:00:00-05:00,142.89828491210938,0
2023-11-10 00:00:00-05:00,142.73350524902344,1
2023-11-13 00:00:00-05:00,143.1018524169922,0
2023-11-14 00:00:00-05:00,143.13092041015625,0
2023-11-15 00:00:00-05:00,144.2359619140625,0
2023-11-16 00:00:00-05:00,145.49609375,-1
2023-11-17 00:00:00-05:00,145.19558715820312,1
2023-11-20 00:00:00-05:00,146.4755859375,0
2023-11-21 00:00:00-05:00,147.65785217285156,-1
2023-11-22 00:00:00-05:00,147.36473083496094,1
2023-11-24 00:00:00-05:00,149.00624084472656,-1
2023-11-27 00:00:00-05:00,147.81417846679688,1
2023-11-28 00:00:00-05:00,148.1561737060547,0
2023-11-29 00:00:00-05:00,148.6251678466797,0
2023-11-30 00:00:00-05:00,151.1167449951172,0
2023-12-01 00:00:00-05:00,154.75152587890625,0
2023-12-04 00:00:00-05:00,155.2400665283203,-1
2023-12-05 00:00:00-05:00,154.9176483154297,0
2023-12-06 00:00:00-05:00,153.03184509277344,0
2023-12-07 00:00:00-05:00,151.8397979736328,0
2023-12-08 00:00:00-05:00,150.88226318359375,1
2023-12-11 00:00:00-05:00,151.50759887695312,0
2023-12-12 00:00:00-05:00,151.5173797607422,0
2023-12-13 00:00:00-05:00,152.22085571289062,0
2023-12-14 00:00:00-05:00,153.276123046875,-1
2023-12-15 00:00:00-05:00,151.6053009033203,1
2023-12-18 00:00:00-05:00,151.87889099121094,0
2023-12-19 00:00:00-05:00,152.8755340576172,-1
2023-12-20 00:00:00-05:00,149.75860595703125,1
2023-12-21 00:00:00-05:00,151.29263305664062,0
2023-12-22 00:00:00-05:00,151.8984375,0
2023-12-26 00:00:00-05:00,152.56285095214844,0
2023-12-27 00:00:00-05:00,152.76805114746094,0
2023-12-28 00:00:00-05:00,152.99276733398438,0
2023-12-29 00:00:00-05:00,153.1491241455078,0
2024-01-02 00:00:00-05:00,156.30511474609375,0
2024-01-03 00:00:00-05:00,157.28219604492188,-1
2024-01-04 00:00:00-05:00,156.9499969482422,1
2024-01-05 00:00:00-05:00,157.43853759765625,0
2024-01-08 00:00:00-05:00,157.829345703125,0
2024-01-09 00:00:00-05:00,157.9270782470703,0
2024-01-10 00:00:00-05:00,158.1615753173828,-1
2024-01-11 00:00:00-05:00,157.45806884765625,1
2024-01-12 00:00:00-05:00,158.66966247558594,-1
2024-01-16 00:00:00-05:00,156.84249877929688,0
2024-01-17 00:00:00-05:00,156.7545623779297,1
2024-01-18 00:00:00-05:00,157.51669311523438,0
2024-01-19 00:00:00-05:00,157.97592163085938,0
2024-01-22 00:00:00-05:00,158.74783325195312,-1
2024-01-23 00:00:00-05:00,156.1487579345703,0
2024-01-24 00:00:00-05:00,155.31826782226562,1
2024-01-25 00:00:00-05:00,155.9044952392578,-1
2024-01-26 00:00:00-05:00,155.8458709716797,0
2024-01-29 00:00:00-05:00,155.70907592773438,0
2024-01-30 00:00:00-05:00,155.13259887695312,1
2024-01-31 00:00:00-05:00,155.25961303710938,-1
2024-02-01 00:00:00-05:00,154.73199462890625,0
2024-02-02 00:00:00-05:00,153.02207946777344,0
2024-02-05 00:00:00-05:00,152.2306365966797,1
2024-02-06 00:00:00-05:00,154.43885803222656,-1
2024-02-07 00:00:00-05:00,154.36070251464844,0
2024-02-08 00:00:00-05:00,152.81689453125,1
2024-02-09 00:00:00-05:00,153.16864013671875,0
2024-02-12 00:00:00-05:00,154.2336883544922,-1
2024-02-13 00:00:00-05:00,152.88528442382812,0
2024-02-14 00:00:00-05:00,152.17202758789062,1
2024-02-15 00:00:00-05:00,154.30206298828125,-1
2024-02-16 00:00:00-05:00,154.12486267089844,1
2024-02-20 00:00:00-05:00,155.41456604003906,0
2024-02-21 00:00:00-05:00,156.2218475341797,0
2024-02-22 00:00:00-05:00,157.9644317626953,0
2024-02-23 00:00:00-05:00,159.33291625976562,-1
2024-02-26 00:00:00-05:00,158.29917907714844,1
2024-02-27 00:00:00-05:00,158.48623657226562,0
2024-02-28 00:00:00-05:00,159.0474090576172,-1
2024-02-29 00:00:00-05:00,158.8800506591797,1
2024-03-01 00:00:00-05:00,159.6085662841797,-1
2024-03-04 00:00:00-05:00,157.3638916015625,1
2024-03-05 00:00:00-05:00,157.49188232421875,-1
2024-03-06 00:00:00-05:00,156.87164306640625,0
2024-03-07 00:00:00-05:00,156.40892028808594,1
2024-03-08 00:00:00-05:00,157.04885864257812,0
2024-03-11 00:00:00-04:00,158.7323455810547,0
2024-03-12 00:00:00-04:00,160.21897888183594,-1
2024-03-13 00:00:00-04:00,158.60438537597656,0
2024-03-14 00:00:00-04:00,156.74366760253906,0
2024-03-15 00:00:00-04:00,155.72959899902344,0
2024-03-18 00:00:00-04:00,154.3315887451172,0
2024-03-19 00:00:00-04:00,153.79013061523438,0
2024-03-20 00:00:00-04:00,153.3470916748047,0
2024-03-21 00:00:00-04:00,153.33724975585938,0
2024-03-22 00:00:00-04:00,152.82530212402344,0
2024-03-25 00:00:00-04:00,152.81546020507812,1
2024-03-26 00:00:00-04:00,153.35694885253906,0
2024-03-27 00:00:00-04:00,155.51303100585938,0
2024-03-28 00:00:00-04:00,155.7394561767578,-1
2024-04-01 00:00:00-04:00,155.33580017089844,0
2024-04-02 00:00:00-04:00,155.2865753173828,0
2024-04-03 00:00:00-04:00,151.87033081054688,0
2024-04-04 00:00:00-04:00,150.13760375976562,0
2024-04-05 00:00:00-04:00,150.029296875,0
2024-04-08 00:00:00-04:00,149.24168395996094,1
2024-04-09 00:00:00-04:00,149.9308319091797,-1
2024-04-10 00:00:00-04:00,147.87322998046875,0
2024-04-11 00:00:00-04:00,146.4850616455078,0
2024-04-12 00:00:00-04:00,145.2347412109375,1
2024-04-15 00:00:00-04:00,145.30364990234375,-1
2024-04-16 00:00:00-04:00,142.21229553222656,1
2024-04-17 00:00:00-04:00,142.52734375,0
2024-04-18 00:00:00-04:00,143.48231506347656,0
2024-04-19 00:00:00-04:00,145.6186981201172,0
2024-04-22 00:00:00-04:00,146.80995178222656,0
2024-04-23 00:00:00-04:00,147.24313354492188,-1
2024-04-24 00:00:00-04:00,146.22909545898438,0
2024-04-25 00:00:00-04:00,144.54559326171875,0
2024-04-26 00:00:00-04:00,143.87611389160156,1
2024-04-29 00:00:00-04:00,144.54559326171875,-1
2024-04-30 00:00:00-04:00,142.35012817382812,1
2024-05-01 00:00:00-04:00,148.83804321289062,-1
2024-05-02 00:00:00-04:00,147.59756469726562,0
2024-05-03 00:00:00-04:00,146.95762634277344,0
2024-05-06 00:00:00-04:00,146.2783203125,1
2024-05-07 00:00:00-04:00,146.41615295410156,0
2024-05-08 00:00:00-04:00,146.64259338378906,0
2024-05-09 00:00:00-04:00,147.52865600585938,0
2024-05-10 00:00:00-04:00,147.5877227783203,0
2024-05-13 00:00:00-04:00,148.87742614746094,0
2024-05-14 00:00:00-04:00,149.0349578857422,0
2024-05-15 00:00:00-04:00,150.30496215820312,0
2024-05-16 00:00:00-04:00,151.89002990722656,0
2024-05-17 00:00:00-04:00,152.24444580078125,-1
2024-05-20 00:00:00-04:00,150.1304931640625,0
2024-05-21 00:00:00-04:00,150.10072326660156,1
2024-05-22 00:00:00-04:00,152.34368896484375,-1
2024-05-23 00:00:00-04:00,148.5723114013672,0
2024-05-24 00:00:00-04:00,145.86288452148438,0
2024-05-28 00:00:00-04:00,143.2924041748047,1
2024-05-29 00:00:00-04:00,143.35194396972656,0
2024-05-30 00:00:00-04:00,144.18560791015625,0
2024-05-31 00:00:00-04:00,145.5651397705078,0
2024-06-03 00:00:00-04:00,146.62709045410156,0
2024-06-04 00:00:00-04:00,146.68663024902344,-1
2024-06-05 00:00:00-04:00,144.87042236328125,1
2024-06-06 00:00:00-04:00,145.3170166015625,0
2024-06-07 00:00:00-04:00,145.97206115722656,0
2024-06-10 00:00:00-04:00,146.0216827392578,-1
2024-06-11 00:00:00-04:00,145.6544647216797,0
2024-06-12 00:00:00-04:00,144.31463623046875,1
2024-06-13 00:00:00-04:00,144.3543243408203,0
2024-06-14 00:00:00-04:00,144.4436492919922,0
2024-06-17 00:00:00-04:00,144.85055541992188,-1
2024-06-18 00:00:00-04:00,144.55282592773438,1
2024-06-20 00:00:00-04:00,146.66677856445312,0
2024-06-21 00:00:00-04:00,147.6294708251953,0
2024-06-24 00:00:00-04:00,147.99667358398438,-1
2024-06-25 00:00:00-04:00,146.0812225341797,0
2024-06-26 00:00:00-04:00,145.71401977539062,0
2024-06-27 00:00:00-04:00,144.7017059326172,1
2024-06-28 00:00:00-04:00,145.05899047851562,0
2024-07-01 00:00:00-04:00,145.33688354492188,-1
2024-07-02 00:00:00-04:00,144.92996215820312,0
2024-07-03 00:00:00-04:00,144.592529296875,1
2024-07-05 00:00:00-04:00,145.37657165527344,-1
2024-07-08 00:00:00-04:00,144.38409423828125,1
2024-07-09 00:00:00-04:00,145.94227600097656,0
2024-07-10 00:00:00-04:00,148.30433654785156,0
2024-07-11 00:00:00-04:00,148.5723114013672,0
2024-07-12 00:00:00-04:00,148.75096130371094,-1
2024-07-15 00:00:00-04:00,148.11578369140625,1
2024-07-16 00:00:00-04:00,149.8724365234375,0
2024-07-17 00:00:00-04:00,155.40049743652344,-1
2024-07-18 00:00:00-04:00,154.2492218017578,0
2024-07-19 00:00:00-04:00,153.5247344970703,0
2024-07-22 00:00:00-04:00,153.078125,0
2024-07-23 00:00:00-04:00,151.20236206054688,1
2024-07-24 00:00:00-04:00,155.10275268554688,0
2024-07-25 00:00:00-04:00,158.43743896484375,0
2024-07-26 00:00:00-04:00,159.42990112304688,-1
2024-07-29 00:00:00-04:00,157.36557006835938,1
2024-07-30 00:00:00-04:00,160.11471557617188,-1
2024-07-31 00:00:00-04:00,156.6609344482422,1
2024-08-01 00:00:00-04:00,159.5489959716797,0
2024-08-02 00:00:00-04:00,162.90353393554688,-1
2024-08-05 00:00:00-04:00,160.03530883789062,0
2024-08-06 00:00:00-04:00,157.77249145507812,0
2024-08-07 00:00:00-04:00,157.7030029296875,1
2024-08-08 00:00:00-04:00,159.01307678222656,0
2024-08-09 00:00:00-04:00,159.41004943847656,-1
2024-08-12 00:00:00-04:00,158.67562866210938,0
2024-08-13 00:00:00-04:00,157.1968536376953,1
2024-08-14 00:00:00-04:00,157.2861785888672,0
2024-08-15 00:00:00-04:00,157.89158630371094,0
2024-08-16 00:00:00-04:00,158.18931579589844,0
2024-08-19 00:00:00-04:00,158.42752075195312,0
2024-08-20 00:00:00-04:00,158.95352172851562,0
2024-08-21 00:00:00-04:00,160.2139434814453,0
2024-08-22 00:00:00-04:00,161.1270294189453,0
2024-08-23 00:00:00-04:00,162.89361572265625,0
2024-08-26 00:00:00-04:00,163.3699951171875,-1
2024-08-27 00:00:00-04:00,162.9499969482422,1
2024-08-28 00:00:00-04:00,163.9199981689453,0
2024-08-29 00:00:00-04:00,164.22999572753906,0
2024-08-30 00:00:00-04:00,165.86000061035156,0
2024-09-03 00:00:00-04:00,167.16000366210938,0
2024-09-04 00:00:00-04:00,167.36000061035156,-1
2024-09-05 00:00:00-04:00,164.99000549316406,0
2024-09-06 00:00:00-04:00,164.3800048828125,1
2024-09-09 00:00:00-04:00,166.61000061035156,0
2024-09-10 00:00:00-04:00,167.3800048828125,-1
2024-09-11 00:00:00-04:00,164.82000732421875,0
2024-09-12 00:00:00-04:00,164.63999938964844,1
2024-09-13 00:00:00-04:00,165.52000427246094,0
2024-09-16 00:00:00-04:00,166.99000549316406,0
2024-09-17 00:00:00-04:00,167.07000732421875,-1
2024-09-18 00:00:00-04:00,166.14999389648438,0
2024-09-19 00:00:00-04:00,164.82000732421875,0
2024-09-20 00:00:00-04:00,164.16000366210938,0
2024-09-23 00:00:00-04:00,163.22000122070312,0
2024-09-24 00:00:00-04:00,162.77999877929688,0
2024-09-25 00:00:00-04:00,160.60000610351562,1
2024-09-26 00:00:00-04:00,161.38999938964844,0
2024-09-27 00:00:00-04:00,161.39999389648438,0
2024-09-30 00:00:00-04:00,162.05999755859375,-1
2024-10-01 00:00:00-04:00,161.99000549316406,0
2024-10-02 00:00:00-04:00,161.1699981689453,0
2024-10-03 00:00:00-04:00,160.5,0
2024-10-04 00:00:00-04:00,160.2899932861328,0
2024-10-07 00:00:00-04:00,159.52999877929688,1
2024-10-08 00:00:00-04:00,159.69000244140625,0
2024-10-09 00:00:00-04:00,160.64999389648438,-1
2024-10-10 00:00:00-04:00,160.50999450683594,1
2024-10-11 00:00:00-04:00,161.4600067138672,0
2024-10-14 00:00:00-04:00,161.60000610351562,0
2024-10-15 00:00:00-04:00,164.10000610351562,0
2024-10-16 00:00:00-04:00,164.27999877929688,0
2024-10-17 00:00:00-04:00,164.47000122070312,0
2024-10-18 00:00:00-04:00,165.1199951171875,-1
2024-10-21 00:00:00-04:00,162.8300018310547,1
2024-10-22 00:00:00-04:00,163.4499969482422,0
2024-10-23 00:00:00-04:00,165.86000061035156,-1
2024-10-24 00:00:00-04:00,163.6699981689453,0
2024-10-25 00:00:00-04:00,160.8800048828125,1
2024-10-28 00:00:00-04:00,161.60000610351562,-1
2024-10-29 00:00:00-04:00,160.08999633789062,1
2024-10-30 00:00:00-04:00,160.61000061035156,-1
2024-10-31 00:00:00-04:00,159.86000061035156,1
2024-11-01 00:00:00-04:00,160.1300048828125,-1
2024-11-04 00:00:00-05:00,158.24000549316406,1
2024-11-05 00:00:00-05:00,158.35000610351562,-1
2024-11-06 00:00:00-05:00,157.8800048828125,0
2024-11-07 00:00:00-05:00,156.72999572753906,0
